{"cameraMode":{"drawMode":0,"name":"Shaded","section":"Shading Mode"},"sceneLighting":true,"audioPlay":false,"sceneViewState":{"m_AlwaysRefresh":false,"showFog":true,"showSkybox":true,"showFlares":true,"showImageEffects":true,"showParticleSystems":true,"showVisualEffectGraphs":true,"m_FxEnabled":true},"in2DMode":false,"pivot":{"x":32.50600051879883,"y":6.110000133514404,"z":25.990999221801759},"rotation":{"x":0.18463551998138429,"y":0.28854960203170779,"z":-0.05680838227272034,"w":0.9377805590629578},"size":2.944138526916504,"orthographic":false}