{"cameraMode":{"drawMode":0,"name":"Shaded","section":"Shading Mode"},"sceneLighting":true,"audioPlay":false,"sceneViewState":{"m_AlwaysRefresh":false,"showFog":true,"showSkybox":true,"showFlares":true,"showImageEffects":true,"showParticleSystems":true,"showVisualEffectGraphs":true,"m_FxEnabled":true},"in2DMode":false,"pivot":{"x":8.395750999450684,"y":13.984212875366211,"z":-4.218938827514648},"rotation":{"x":0.28491097688674929,"y":0.30980783700942995,"z":-0.0978754311800003,"w":0.9018372893333435},"size":14.107109069824219,"orthographic":false}