{"cameraMode":{"drawMode":0,"name":"Shaded","section":"Shading Mode"},"sceneLighting":true,"audioPlay":false,"sceneViewState":{"m_AlwaysRefresh":false,"showFog":true,"showSkybox":true,"showFlares":true,"showImageEffects":true,"showParticleSystems":true,"showVisualEffectGraphs":true,"m_FxEnabled":true},"in2DMode":false,"pivot":{"x":27.495805740356447,"y":-0.062064170837402347,"z":0.5532151460647583},"rotation":{"x":0.30170631408691409,"y":0.2723121643066406,"z":-0.09035973995923996,"w":0.9092139601707459},"size":2.893899440765381,"orthographic":false}