{"cameraMode":{"drawMode":0,"name":"Shaded","section":"Shading Mode"},"sceneLighting":true,"audioPlay":false,"sceneViewState":{"m_AlwaysRefresh":false,"showFog":true,"showSkybox":true,"showFlares":true,"showImageEffects":true,"showParticleSystems":true,"showVisualEffectGraphs":true,"m_FxEnabled":true},"in2DMode":false,"pivot":{"x":15.927643775939942,"y":0.08805311471223831,"z":-1.175938606262207},"rotation":{"x":0.19811084866523744,"y":0.5411050319671631,"z":-0.13293111324310304,"w":0.8064092397689819},"size":3.633612632751465,"orthographic":false}