{"cameraMode":{"drawMode":0,"name":"Shaded","section":"Shading Mode"},"sceneLighting":true,"audioPlay":false,"sceneViewState":{"m_AlwaysRefresh":false,"showFog":true,"showSkybox":true,"showFlares":true,"showImageEffects":true,"showParticleSystems":true,"showVisualEffectGraphs":true,"m_FxEnabled":true},"in2DMode":false,"pivot":{"x":14.89876937866211,"y":-1.6327447891235352,"z":7.034472465515137},"rotation":{"x":0.20626382529735566,"y":0.3932589292526245,"z":-0.09099823981523514,"w":0.8913663029670715},"size":20.171478271484376,"orthographic":false}